full_name,dob,email,phone,gender,address,pincode,country,state,city
Alison Watkins,2002-03-21,evan34@gmail.com,54745974995,Female,"3070 Randall Throughway Suite 595, Avilaton, AL 66753",39244,India,Uttar Pradesh,Lucknow
Tyler Perry,2005-07-13,christopherschmidt@yahoo.com,76841910949,Male,"03152 Sarah Lock Suite 058, New Diana, NJ 89542",28213,India,Karnataka,Bangalore
Rita Wilson,2005-06-29,hbooker@butler.net,91890819422,Female,"7839 Ethan Station Suite 160, Sullivanbury, KY 80104",46992,India,Uttar Pradesh,Lucknow
William Obrien MD,2005-03-16,timothycallahan@williams.com,89707235295,Female,"45732 Amy Estates Apt. 483, Cassandrahaven, CA 47842",31611,India,Karnataka,Bangalore
Kelly Martin,2007-02-21,williamsonsergio@yahoo.com,46230637437,Female,"543 Castaneda Crescent, Vincentview, NC 67000",77308,India,West Bengal,Kolkata
John Harrell,2002-05-21,zrussell@yahoo.com,64462097657,Male,"348 Gonzales Mission, New Jane, NJ 19215",70794,India,Haryana,Gurugram
Kelly Jones,2001-06-03,moorebobby@stout-lee.com,03537282693,Female,"2879 Meyer Ramp Suite 026, North Ashleyview, NY 74689",21109,India,Uttar Pradesh,Lucknow
Elizabeth Garcia,2000-09-13,rpoole@yahoo.com,33123121153,Male,"55512 Margaret Plaza, East Ashley, GA 19027",69992,India,West Bengal,Kolkata
Ronald Charles,1997-11-20,churchjoshua@webster.biz,45265140715,Other,"88408 Williams Station Suite 028, Patriciabury, UT 45582",74128,India,Karnataka,Bangalore
Mrs. Jane Harvey,2003-09-18,davisdennis@hotmail.com,10948682365,Other,"376 Pamela View, Carrburgh, WY 27769",84569,India,Andhra Pradesh,Vijayawada
Stacy Blackwell,1996-06-04,ramirezzachary@yahoo.com,37010544282,Male,"35930 Heather Shoals, New Emily, ND 36872",81827,India,Uttar Pradesh,Lucknow
Angela Young,1995-05-27,charris@yahoo.com,79742227687,Female,"16260 Potter Drives, Lake Mario, NJ 31954",68695,India,Uttar Pradesh,Lucknow
Seth Dixon,2003-07-28,kimberlygibson@mcdonald-lyons.org,17953210938,Other,"716 Thomas Station Apt. 823, Weaverview, PA 76464",31293,India,Gujarat,Ahmedabad
Nicole Reyes,1998-09-06,keithunderwood@gmail.com,62745448453,Other,"094 Simon Road, Whitebury, TX 45104",83603,India,Haryana,Gurugram
James Nguyen,2006-11-21,rebecca58@guerrero.com,79264856323,Female,"432 Amy Walk Apt. 181, Josephfort, DE 06740",77517,India,Maharashtra,Mumbai
Michelle Davidson,1999-10-13,henry64@robinson.com,87230346516,Male,"31283 Sanchez Mission, South Darryl, AK 55735",35360,India,Madhya Pradesh,Bhopal
Kimberly Aguirre,2000-02-17,austin92@yahoo.com,39625937857,Male,"73402 Dawson Vista Apt. 647, South Katherineburgh, IL 86702",06962,India,Punjab,Chandigarh
Beth Hayes,1995-11-09,janetsmith@yahoo.com,74776240208,Male,"6786 Mike Ville, New David, RI 09614",62137,India,Andhra Pradesh,Vijayawada
Sara Delacruz,1999-05-18,gary01@cantu.org,92713317893,Other,"1857 Michelle Junction Suite 862, Hawkinsville, DE 17887",44492,India,Haryana,Gurugram
Kathryn Willis,2004-06-01,jonescody@gmail.com,29407140348,Female,"Unit 0274 Box 3836, DPO AE 97398",80048,India,Kerala,Thiruvananthapuram
